Shop Name,Link
Kazi Technology,https://www.google.com/maps/place/Kazi+Technology/data=!4m7!3m6!1s0x3755c0d692206ed5:0xf53955f178dc46ef!8m2!3d23.8066302!4d90.3690243!16s%2Fg%2F11gbzcmw5t!19sChIJ1W4gktbAVTcR70bcePFVOfU?authuser=0&hl=en&rclk=1
SS Computer | Mirpur-10,https://www.google.com/maps/place/SS+Computer+%7C+Mirpur-10/data=!4m7!3m6!1s0x3755c1fdeb5c3bbf:0x23a36af34a532d0!8m2!3d23.8065524!4d90.36971!16s%2Fg%2F11lbxwsbr2!19sChIJvztc6_3BVTcR0DKlNK82OgI?authuser=0&hl=en&rclk=1
Laptop World BD,https://www.google.com/maps/place/Laptop+World+BD/data=!4m7!3m6!1s0x3755c0d692c00001:0x8c8cbee90af0151c!8m2!3d23.8064168!4d90.3695264!16s%2Fg%2F11h_vvkhdk!19sChIJAQDAktbAVTcRHBXwCum-jIw?authuser=0&hl=en&rclk=1
You Tech BD,https://www.google.com/maps/place/You+Tech+BD/data=!4m7!3m6!1s0x3755c0b7c93ec59b:0x1f9ebda108706a47!8m2!3d23.8057465!4d90.3685768!16s%2Fg%2F12lr_8z4f!19sChIJm8U-ybfAVTcRR2pwCKG9nh8?authuser=0&hl=en&rclk=1
Green Technology,https://www.google.com/maps/place/Green+Technology/data=!4m7!3m6!1s0x3755c19d7d8acd05:0x2dc0062b6175cefe!8m2!3d23.7991441!4d90.3528902!16s%2Fg%2F11gjx12f8n!19sChIJBc2KfZ3BVTcR_s51YSsGwC0?authuser=0&hl=en&rclk=1
World Computer System,https://www.google.com/maps/place/World+Computer+System/data=!4m7!3m6!1s0x3755c0d986915a5b:0x68c09c2ac0572f78!8m2!3d23.8066302!4d90.3690243!16s%2Fg%2F11c2lgpm14!19sChIJW1qRhtnAVTcReC9XwCqcwGg?authuser=0&hl=en&rclk=1
Laptop Source,https://www.google.com/maps/place/Laptop+Source/data=!4m7!3m6!1s0x3755c17507408cb1:0x7a2c2e1cef798adc!8m2!3d23.8048078!4d90.3693214!16s%2Fg%2F11sh00sz89!19sChIJsYxAB3XBVTcR3Ip57xwuLHo?authuser=0&hl=en&rclk=1
IT BD Shop,https://www.google.com/maps/place/IT+BD+Shop/data=!4m7!3m6!1s0x3755c1d4eefc6ac1:0x8bbea2b6bd8edee1!8m2!3d23.8061817!4d90.3681095!16s%2Fg%2F11qrt7877p!19sChIJwWr87tTBVTcR4d6Ovbaivos?authuser=0&hl=en&rclk=1
21 Technology,https://www.google.com/maps/place/21+Technology/data=!4m7!3m6!1s0x3755c7bc6bb0c7f5:0x818a61a6f3cf1ddd!8m2!3d23.8062797!4d90.3690347!16s%2Fg%2F11h39ymk0b!19sChIJ9cewa7zHVTcR3R3P86ZhioE?authuser=0&hl=en&rclk=1
Laptop Territory,https://www.google.com/maps/place/Laptop+Territory/data=!4m7!3m6!1s0x3755c1a619ea7619:0x2c1024a455ea0cc3!8m2!3d23.8064171!4d90.3695265!16s%2Fg%2F11t40hg8pz!19sChIJGXbqGabBVTcRwwzqVaQkECw?authuser=0&hl=en&rclk=1
GAMO TECH,https://www.google.com/maps/place/GAMO+TECH/data=!4m7!3m6!1s0x3755c77952904999:0x6aa525ae586dcb87!8m2!3d23.8380143!4d90.3755704!16s%2Fg%2F11n6wtp562!19sChIJmUmQUnnHVTcRh8ttWK4lpWo?authuser=0&hl=en&rclk=1
Laptop Station,https://www.google.com/maps/place/Laptop+Station/data=!4m7!3m6!1s0x3755c121814befad:0x5cd59c0601c8acdb!8m2!3d23.806049!4d90.3681469!16s%2Fg%2F11v05cl6ld!19sChIJre9LgSHBVTcR26zIAQac1Vw?authuser=0&hl=en&rclk=1
Laptop Lounge,https://www.google.com/maps/place/Laptop+Lounge/data=!4m7!3m6!1s0x3755c127c805023d:0xa81697ca2189d53f!8m2!3d23.8064347!4d90.3701497!16s%2Fg%2F11vyytrzh_!19sChIJPQIFyCfBVTcRP9WJIcqXFqg?authuser=0&hl=en&rclk=1
Computer Castle,https://www.google.com/maps/place/Computer+Castle/data=!4m7!3m6!1s0x3755c0d692c8058d:0xc6efcda65084cab8!8m2!3d23.8068552!4d90.3690349!16s%2Fg%2F11b7q2pm2s!19sChIJjQXIktbAVTcRuMqEUKbN78Y?authuser=0&hl=en&rclk=1
Computer Point,https://www.google.com/maps/place/Computer+Point/data=!4m7!3m6!1s0x3755c0e880f03f13:0x3e7a85782d8be049!8m2!3d23.7981785!4d90.3536896!16s%2Fg%2F11fzb07hbz!19sChIJEz_wgOjAVTcRSeCLLXiFej4?authuser=0&hl=en&rclk=1
Planet it BD,https://www.google.com/maps/place/Planet+it+BD/data=!4m7!3m6!1s0x3755c133bae75af9:0x983c52a985ee35f0!8m2!3d23.8058214!4d90.3681436!16s%2Fg%2F11j4wjlcvt!19sChIJ-VrnujPBVTcR8DXuhalSPJg?authuser=0&hl=en&rclk=1
AR Computers,https://www.google.com/maps/place/AR+Computers/data=!4m7!3m6!1s0x3755c0d692b2204f:0xb1dd0520e761f525!8m2!3d23.8066118!4d90.369202!16s%2Fg%2F11cjj55mwz!19sChIJTyCyktbAVTcRJfVh5yAF3bE?authuser=0&hl=en&rclk=1
iT Valley,https://www.google.com/maps/place/iT+Valley/data=!4m7!3m6!1s0x3755c7b98a194e9b:0xef17bf5d373504a5!8m2!3d23.7898293!4d90.3757411!16s%2Fg%2F11pv4vvfyw!19sChIJm04ZirnHVTcRpQQ1N12_F-8?authuser=0&hl=en&rclk=1
MC Solution BD ( Mirpur Branch ),https://www.google.com/maps/place/MC+Solution+BD+%28+Mirpur+Branch+%29/data=!4m7!3m6!1s0x3755c152865b0fa1:0xeb912ddf4abb146e!8m2!3d23.8067029!4d90.3689214!16s%2Fg%2F11pcw_lm96!19sChIJoQ9bhlLBVTcRbhS7St8tkes?authuser=0&hl=en&rclk=1
Laptop House BD,https://www.google.com/maps/place/Laptop+House+BD/data=!4m7!3m6!1s0x3755c1714b31d757:0xedf34c994414d5b5!8m2!3d23.8062999!4d90.3678818!16s%2Fg%2F11j305bn8z!19sChIJV9cxS3HBVTcRtdUURJlM8-0?authuser=0&hl=en&rclk=1
Apollo Gadget,https://www.google.com/maps/place/Apollo+Gadget/data=!4m7!3m6!1s0x3755c164bcbb6569:0x102eecd8ec7ec22a!8m2!3d23.8057261!4d90.3677736!16s%2Fg%2F11rtvmnqrv!19sChIJaWW7vGTBVTcRKsJ-7NjsLhA?authuser=0&hl=en&rclk=1
laptop mart,https://www.google.com/maps/place/laptop+mart/data=!4m7!3m6!1s0x3755c13470d52d43:0x3fcc963c658839f1!8m2!3d23.8066576!4d90.3696627!16s%2Fg%2F11rwsb5k24!19sChIJQy3VcDTBVTcR8TmIZTyWzD8?authuser=0&hl=en&rclk=1
Computer Castle,https://www.google.com/maps/place/Computer+Castle/data=!4m7!3m6!1s0x3755c0d692c8058d:0xc6efcda65084cab8!8m2!3d23.8068552!4d90.3690349!16s%2Fg%2F11b7q2pm2s!19sChIJjQXIktbAVTcRuMqEUKbN78Y?authuser=0&hl=en&rclk=1
R Computer Plus,https://www.google.com/maps/place/R+Computer+Plus/data=!4m7!3m6!1s0x3755c1c4f8ade5ab:0x123aa50fc8147282!8m2!3d23.8159634!4d90.3668719!16s%2Fg%2F11h0qz6ll_!19sChIJq-Wt-MTBVTcRgnIUyA-lOhI?authuser=0&hl=en&rclk=1
Laptop House BD,https://www.google.com/maps/place/Laptop+House+BD/data=!4m7!3m6!1s0x3755c1714b31d757:0xedf34c994414d5b5!8m2!3d23.8062999!4d90.3678818!16s%2Fg%2F11j305bn8z!19sChIJV9cxS3HBVTcRtdUURJlM8-0?authuser=0&hl=en&rclk=1
o2 Trade International,https://www.google.com/maps/place/o2+Trade+International/data=!4m7!3m6!1s0x3755c0d6f3cc1b05:0x9b22bf70261e9cbc!8m2!3d23.8069168!4d90.3688461!16s%2Fg%2F11gfh_bzpr!19sChIJBRvM89bAVTcRvJweJnC_Ips?authuser=0&hl=en&rclk=1
Treematrik,https://www.google.com/maps/place/Treematrik/data=!4m7!3m6!1s0x3755c13af199c295:0xcbffaf51c4411c44!8m2!3d23.8247451!4d90.3638889!16s%2Fg%2F11fz9z6hqv!19sChIJlcKZ8TrBVTcRRBxBxFGv_8s?authuser=0&hl=en&rclk=1
SK Computer,https://www.google.com/maps/place/SK+Computer/data=!4m7!3m6!1s0x3755c12dfc243503:0xb8847ed4f72925a3!8m2!3d23.8131831!4d90.3696263!16s%2Fg%2F11r2hgmy_v!19sChIJAzUk_C3BVTcRoyUp99R-hLg?authuser=0&hl=en&rclk=1
Computer Point,https://www.google.com/maps/place/Computer+Point/data=!4m7!3m6!1s0x3755c0e880f03f13:0x3e7a85782d8be049!8m2!3d23.7981785!4d90.3536896!16s%2Fg%2F11fzb07hbz!19sChIJEz_wgOjAVTcRSeCLLXiFej4?authuser=0&hl=en&rclk=1
Faruk IT Solution,https://www.google.com/maps/place/Faruk+IT+Solution/data=!4m7!3m6!1s0x3755c186c51560b3:0x29e5aa26370f32de!8m2!3d23.8055631!4d90.3689697!16s%2Fg%2F11fjmg2586!19sChIJs2AVxYbBVTcR3jIPNyaq5Sk?authuser=0&hl=en&rclk=1
An Noor IT Source,https://www.google.com/maps/place/An+Noor+IT+Source/data=!4m7!3m6!1s0x3755c0d68da727e9:0x70249a9770f2a06d!8m2!3d23.8066302!4d90.3690243!16s%2Fg%2F11by_l0n98!19sChIJ6SenjdbAVTcRbaDycJeaJHA?authuser=0&hl=en&rclk=1
"Nexus Computer - Buy Laptop, Desktop, Computer accessories in Bangladesh","https://www.google.com/maps/place/Nexus+Computer+-+Buy+Laptop,+Desktop,+Computer+accessories+in+Bangladesh/data=!4m7!3m6!1s0x3755c74c27bb8ff7:0xa03907452af45284!8m2!3d23.7783624!4d90.3795762!16s%2Fg%2F11f3zt6w9b!19sChIJ94-7J0zHVTcRhFL0KkUHOaA?authuser=0&hl=en&rclk=1"
Takwoa Laptop Zone,https://www.google.com/maps/place/Takwoa+Laptop+Zone/data=!4m7!3m6!1s0x3755c12f2a3b5a79:0x305e46a50a2a672d!8m2!3d23.8216322!4d90.378171!16s%2Fg%2F11t859gd2l!19sChIJeVo7Ki_BVTcRLWcqCqVGXjA?authuser=0&hl=en&rclk=1
Proven Computer,https://www.google.com/maps/place/Proven+Computer/data=!4m7!3m6!1s0x3755c1006eac34f7:0xb9da58de486aae50!8m2!3d23.8074719!4d90.36885!16s%2Fg%2F11vzb059h7!19sChIJ9zSsbgDBVTcRUK5qSN5Y2rk?authuser=0&hl=en&rclk=1
ùóîùóïùó° ùóßùó≤ùó∞ùóµùóªùóºùóπùóºùó¥ùòÜ | ùóïùó≤ùòÄùòÅ ùó®ùòÄùó≤ùó± ùóüùóÆùóΩùòÅùóºùóΩ ùó¶ùóµùóºùóΩ ùó∂ùóª ùóóùóµùóÆùó∏ùóÆ,https://www.google.com/maps/place/%F0%9D%97%94%F0%9D%97%95%F0%9D%97%A1+%F0%9D%97%A7%F0%9D%97%B2%F0%9D%97%B0%F0%9D%97%B5%F0%9D%97%BB%F0%9D%97%BC%F0%9D%97%B9%F0%9D%97%BC%F0%9D%97%B4%F0%9D%98%86+%7C+%F0%9D%97%95%F0%9D%97%B2%F0%9D%98%80%F0%9D%98%81+%F0%9D%97%A8%F0%9D%98%80%F0%9D%97%B2%F0%9D%97%B1+%F0%9D%97%9F%F0%9D%97%AE%F0%9D%97%BD%F0%9D%98%81%F0%9D%97%BC%F0%9D%97%BD+%F0%9D%97%A6%F0%9D%97%B5%F0%9D%97%BC%F0%9D%97%BD+%F0%9D%97%B6%F0%9D%97%BB+%F0%9D%97%97%F0%9D%97%B5%F0%9D%97%AE%F0%9D%97%B8%F0%9D%97%AE/data=!4m7!3m6!1s0x3755b9f0e0c633ab:0xe293989f8a353d3d!8m2!3d23.7385902!4d90.3843738!16s%2Fg%2F11t5q5w4g_!19sChIJqzPG4PC5VTcRPT01ip-Yk-I?authuser=0&hl=en&rclk=1
R-One Computer(Mirpur-10),https://www.google.com/maps/place/R-One+Computer%28Mirpur-10%29/data=!4m7!3m6!1s0x3755c1ba3ed2b0b9:0xfea418821274a3d3!8m2!3d23.8067168!4d90.3690143!16s%2Fg%2F11j1sq4x9k!19sChIJubDSPrrBVTcR06N0EoIYpP4?authuser=0&hl=en&rclk=1
UNIQUE COMPUTER SOLUTION,https://www.google.com/maps/place/UNIQUE+COMPUTER+SOLUTION/data=!4m7!3m6!1s0x3755c1196f392bef:0xfddf7cf6d42f1e25!8m2!3d23.8066302!4d90.3690243!16s%2Fg%2F11qp4v527l!19sChIJ7ys5bxnBVTcRJR4v1PZ83_0?authuser=0&hl=en&rclk=1
Universe Computer Care,https://www.google.com/maps/place/Universe+Computer+Care/data=!4m7!3m6!1s0x3755c0d69219d2d9:0x89b217abbe577ee4!8m2!3d23.8066416!4d90.36921!16s%2Fg%2F11f_zm09lc!19sChIJ2dIZktbAVTcR5H5XvqsXsok?authuser=0&hl=en&rclk=1
Khan computer Care Centre,https://www.google.com/maps/place/Khan+computer+Care+Centre/data=!4m7!3m6!1s0x3755c1b5c8bb53ef:0x118a97c5e56ae625!8m2!3d23.8268036!4d90.3735218!16s%2Fg%2F11kgs2fpg5!19sChIJ71O7yLXBVTcRJeZq5cWXihE?authuser=0&hl=en&rclk=1
Prime StarTechnology,https://www.google.com/maps/place/Prime+StarTechnology/data=!4m7!3m6!1s0x3755c0cd72eca4dd:0xd4d758841d9549bf!8m2!3d23.7971371!4d90.3730299!16s%2Fg%2F11c31tk5r7!19sChIJ3aTscs3AVTcRv0mVHYRY19Q?authuser=0&hl=en&rclk=1
Prime StarTechnology,https://www.google.com/maps/place/Prime+StarTechnology/data=!4m7!3m6!1s0x3755c0cd72eca4dd:0xd4d758841d9549bf!8m2!3d23.7971371!4d90.3730299!16s%2Fg%2F11c31tk5r7!19sChIJ3aTscs3AVTcRv0mVHYRY19Q?authuser=0&hl=en&rclk=1
Mirpur Computer ‡¶Æ‡¶ø‡¶∞‡¶™‡ßÅ‡¶∞ ‡¶ï‡¶Æ‡ßç‡¶™‡¶ø‡¶â‡¶ü‡¶æ‡¶∞,https://www.google.com/maps/place/Mirpur+Computer+%E0%A6%AE%E0%A6%BF%E0%A6%B0%E0%A6%AA%E0%A7%81%E0%A6%B0+%E0%A6%95%E0%A6%AE%E0%A7%8D%E0%A6%AA%E0%A6%BF%E0%A6%89%E0%A6%9F%E0%A6%BE%E0%A6%B0/data=!4m7!3m6!1s0x3755c1cf291d8077:0x9ff059ddcddcde9!8m2!3d23.8058787!4d90.3671537!16s%2Fg%2F11h67xxw2s!19sChIJd4AdKc_BVTcR6c3d3J0F_wk?authuser=0&hl=en&rclk=1
TOTAL 360,https://www.google.com/maps/place/TOTAL+360/data=!4m7!3m6!1s0x3755c17dc9ae7949:0x6425489bd4ef6a8b!8m2!3d23.7978512!4d90.3530032!16s%2Fg%2F11lynvkd_0!19sChIJSXmuyX3BVTcRi2rv1JtIJWQ?authuser=0&hl=en&rclk=1
RS TRADE INT,https://www.google.com/maps/place/RS+TRADE+INT/data=!4m7!3m6!1s0x3755c0d692c00001:0xf52c527ac2c93160!8m2!3d23.8066302!4d90.3690243!16s%2Fg%2F11hzjgsfgk!19sChIJAQDAktbAVTcRYDHJwnpSLPU?authuser=0&hl=en&rclk=1
Ray It Gadgets,https://www.google.com/maps/place/Ray+It+Gadgets/data=!4m7!3m6!1s0x3755c71279af31d9:0x90ac3bcea03c1310!8m2!3d23.7864636!4d90.3770416!16s%2Fg%2F11ryh0xhmq!19sChIJ2TGveRLHVTcREBM8oM47rJA?authuser=0&hl=en&rclk=1
BM Computers (Dhaka Outlet),https://www.google.com/maps/place/BM+Computers+%28Dhaka+Outlet%29/data=!4m7!3m6!1s0x3755c16a7e3427a9:0xb479aab80f55f91e!8m2!3d23.8064789!4d90.3695058!16s%2Fg%2F11k3jdchgt!19sChIJqSc0fmrBVTcRHvlVD7iqebQ?authuser=0&hl=en&rclk=1
Sardar Tech | Used laptop shop in Dhaka,https://www.google.com/maps/place/Sardar+Tech+%7C+Used+laptop+shop+in+Dhaka/data=!4m7!3m6!1s0x3755b97d259cbef1:0x5e21e26891a90711!8m2!3d23.7371681!4d90.3860289!16s%2Fg%2F11twr5z651!19sChIJ8b6cJX25VTcREQepkWjiIV4?authuser=0&hl=en&rclk=1
1833 Tech BD,https://www.google.com/maps/place/1833+Tech+BD/data=!4m7!3m6!1s0x3755c1075fa7c959:0xc1c9aa2807219049!8m2!3d23.8066302!4d90.3690243!16s%2Fg%2F11v05spx7v!19sChIJWcmnXwfBVTcRSZAhByiqycE?authuser=0&hl=en&rclk=1
Sujan Computer (‡¶∏‡ßÅ‡¶ú‡¶® ‡¶ï‡¶Æ‡ßç‡¶™‡¶ø‡¶â‡¶ü‡¶æ‡¶∞),https://www.google.com/maps/place/Sujan+Computer+%28%E0%A6%B8%E0%A7%81%E0%A6%9C%E0%A6%A8+%E0%A6%95%E0%A6%AE%E0%A7%8D%E0%A6%AA%E0%A6%BF%E0%A6%89%E0%A6%9F%E0%A6%BE%E0%A6%B0%29/data=!4m7!3m6!1s0x3755c7007897696d:0x16019a183334fcf1!8m2!3d23.807956!4d90.381503!16s%2Fg%2F11wx78dkgw!19sChIJbWmXeADHVTcR8fw0MxiaARY?authuser=0&hl=en&rclk=1
Master Tech BD,https://www.google.com/maps/place/Master+Tech+BD/data=!4m7!3m6!1s0x3755c12da1693fbb:0x9cdbb1f85400ccab!8m2!3d23.8069245!4d90.3686978!16s%2Fg%2F11trt33w23!19sChIJuz9poS3BVTcRq8wAVPix25w?authuser=0&hl=en&rclk=1
DS TECHNOLOGY,https://www.google.com/maps/place/DS+TECHNOLOGY/data=!4m7!3m6!1s0x3755c1c4b29ec2ef:0x8d4b9124b60cdecc!8m2!3d23.8066302!4d90.3690243!16s%2Fg%2F11kpsl7mxh!19sChIJ78KessTBVTcRzN4MtiSRS40?authuser=0&hl=en&rclk=1
HR Computer,https://www.google.com/maps/place/HR+Computer/data=!4m7!3m6!1s0x3755c0d692183407:0xef654c5be565ccdc!8m2!3d23.8066401!4d90.3692117!16s%2Fg%2F11f2sgt7y5!19sChIJBzQYktbAVTcR3Mxl5VtMZe8?authuser=0&hl=en&rclk=1
Dream Computer,https://www.google.com/maps/place/Dream+Computer/data=!4m7!3m6!1s0x3755c0d692182449:0x91e88a85bcd9611f!8m2!3d23.8068125!4d90.3694489!16s%2Fg%2F11f_zlw7gb!19sChIJSSQYktbAVTcRH2HZvIWK6JE?authuser=0&hl=en&rclk=1
Best Laptop,https://www.google.com/maps/place/Best+Laptop/data=!4m7!3m6!1s0x3755c1c90c293f25:0xc50e681a4927bc2d!8m2!3d23.8067196!4d90.3683652!16s%2Fg%2F11j8kjbt9f!19sChIJJT8pDMnBVTcRLbwnSRpoDsU?authuser=0&hl=en&rclk=1
Excellent Technology BD,https://www.google.com/maps/place/Excellent+Technology+BD/data=!4m7!3m6!1s0x3755c1737c452049:0xfeed812f1b593cb1!8m2!3d23.8066302!4d90.3690243!16s%2Fg%2F11t88fwkyx!19sChIJSSBFfHPBVTcRsTxZGy-B7f4?authuser=0&hl=en&rclk=1
Hitech Enterprise,https://www.google.com/maps/place/Hitech+Enterprise/data=!4m7!3m6!1s0x3755c10071e5592b:0xd0e38ed20ee48d20!8m2!3d23.8066302!4d90.3690243!16s%2Fg%2F11vqs_d1cc!19sChIJK1nlcQDBVTcRII3kDtKO49A?authuser=0&hl=en&rclk=1
Digital Computers,https://www.google.com/maps/place/Digital+Computers/data=!4m7!3m6!1s0x3755c0d692c00001:0xbcf721b48da7afcd!8m2!3d23.8068125!4d90.3694489!16s%2Fg%2F11c6rt62kk!19sChIJAQDAktbAVTcRza-njbQh97w?authuser=0&hl=en&rclk=1
Zoom IT Solution,https://www.google.com/maps/place/Zoom+IT+Solution/data=!4m7!3m6!1s0x3755c1ef81176a13:0xa04f827afb98ded7!8m2!3d23.8055602!4d90.3694289!16s%2Fg%2F11p77b5tmy!19sChIJE2oXge_BVTcR196Y-3qCT6A?authuser=0&hl=en&rclk=1
Gadget Point,https://www.google.com/maps/place/Gadget+Point/data=!4m7!3m6!1s0x3755b8c780d68d4f:0xa6e384cd48b360e8!8m2!3d23.807539!4d90.368787!16s%2Fg%2F11fd561g_f!19sChIJT43WgMe4VTcR6GCzSM2E46Y?authuser=0&hl=en&rclk=1
One Touch Plus,https://www.google.com/maps/place/One+Touch+Plus/data=!4m7!3m6!1s0x3755c0d64fbdf591:0x970da4715de885f2!8m2!3d23.808293!4d90.3684327!16s%2Fg%2F11f39dbsgb!19sChIJkfW9T9bAVTcR8oXoXXGkDZc?authuser=0&hl=en&rclk=1
Remax Tech BD,https://www.google.com/maps/place/Remax+Tech+BD/data=!4m7!3m6!1s0x3755c16456608c61:0xd039665927921c34!8m2!3d23.8055908!4d90.3680629!16s%2Fg%2F11qykwqwg3!19sChIJYYxgVmTBVTcRNBySJ1lmOdA?authuser=0&hl=en&rclk=1
WinTop,https://www.google.com/maps/place/WinTop/data=!4m7!3m6!1s0x3755c15b5db78e1b:0x1e60e78b0b22e13!8m2!3d23.8062963!4d90.3696419!16s%2Fg%2F11swl_8bjj!19sChIJG463XVvBVTcREy6ysHgO5gE?authuser=0&hl=en&rclk=1
Islamic Computer,https://www.google.com/maps/place/Islamic+Computer/data=!4m7!3m6!1s0x3755c1310e4df7e5:0x8ab459a45075f7ec!8m2!3d23.8259202!4d90.3685254!16s%2Fg%2F11fy9mt26w!19sChIJ5fdNDjHBVTcR7Pd1UKRZtIo?authuser=0&hl=en&rclk=1
Ridge Computer BD,https://www.google.com/maps/place/Ridge+Computer+BD/data=!4m7!3m6!1s0x3755c169bbec65f7:0xc1a541d91d179adc!8m2!3d23.8009955!4d90.3550421!16s%2Fg%2F11j7kyk4_m!19sChIJ92Xsu2nBVTcR3JoXHdlBpcE?authuser=0&hl=en&rclk=1
Gamers Side,https://www.google.com/maps/place/Gamers+Side/data=!4m7!3m6!1s0x3755c7c5dbe592b1:0xdcd308aeb4a1ac90!8m2!3d23.8089865!4d90.3666914!16s%2Fg%2F11kk07kp49!19sChIJsZLl28XHVTcRkKyhtK4I09w?authuser=0&hl=en&rclk=1
KAASHIF TECHNOLOGY,https://www.google.com/maps/place/KAASHIF+TECHNOLOGY/data=!4m7!3m6!1s0x3755c1006f246b67:0x2ef4dc9b5559b87!8m2!3d23.8068295!4d90.3690975!16s%2Fg%2F11wpnqc_pg!19sChIJZ2skbwDBVTcRh5tVtclN7wI?authuser=0&hl=en&rclk=1
Apple Park,https://www.google.com/maps/place/Apple+Park/data=!4m7!3m6!1s0x3755c1752868b285:0x5bd7544fd5d43b8f!8m2!3d23.8076484!4d90.3687407!16s%2Fg%2F11vt9ptdm6!19sChIJhbJoKHXBVTcRjzvU1U9U11s?authuser=0&hl=en&rclk=1
FixIT,https://www.google.com/maps/place/FixIT/data=!4m7!3m6!1s0x3755c0d4645d6065:0x12a060818008e02d!8m2!3d23.8054548!4d90.3721132!16s%2Fg%2F11f2gsd_df!19sChIJZWBdZNTAVTcRLeAIgIFgoBI?authuser=0&hl=en&rclk=1
Hk Technology,https://www.google.com/maps/place/Hk+Technology/data=!4m7!3m6!1s0x3755c166083a8477:0x934f05ea6871a8b5!8m2!3d23.8067572!4d90.3692979!16s%2Fg%2F11k4swkzdr!19sChIJd4Q6CGbBVTcRtahxaOoFT5M?authuser=0&hl=en&rclk=1
Laptop Prime,https://www.google.com/maps/place/Laptop+Prime/data=!4m7!3m6!1s0x3755c139379ba6f7:0x7171a521507c30db!8m2!3d23.8065811!4d90.3697779!16s%2Fg%2F11vl9v43g9!19sChIJ96abNznBVTcR2zB8UCGlcXE?authuser=0&hl=en&rclk=1
ORIGIN TECH,https://www.google.com/maps/place/ORIGIN+TECH/data=!4m7!3m6!1s0x3755c1a76e40e181:0xc5885fe7ed856096!8m2!3d23.8066302!4d90.3690243!16s%2Fg%2F11fm74g_5_!19sChIJgeFAbqfBVTcRlmCF7edfiMU?authuser=0&hl=en&rclk=1
Quality Tech,https://www.google.com/maps/place/Quality+Tech/data=!4m7!3m6!1s0x3755c100156251d3:0xbec6ff355ed458da!8m2!3d23.8064908!4d90.3692565!16s%2Fg%2F11w4kyq24v!19sChIJ01FiFQDBVTcR2ljUXjX_xr4?authuser=0&hl=en&rclk=1
Laptop Valley,https://www.google.com/maps/place/Laptop+Valley/data=!4m7!3m6!1s0x3755c1006d3c9d31:0x55134565674ebbdd!8m2!3d23.8064386!4d90.3695298!16s%2Fg%2F11y3kdqdw3!19sChIJMZ08bQDBVTcR3btOZ2VFE1U?authuser=0&hl=en&rclk=1
Prince computer and technology,https://www.google.com/maps/place/Prince+computer+and+technology/data=!4m7!3m6!1s0x3755c0d6921bac33:0x810b768c2f3b5214!8m2!3d23.8066302!4d90.3690243!16s%2Fg%2F11gdgf2pp8!19sChIJM6wbktbAVTcRFFI7L4x2C4E?authuser=0&hl=en&rclk=1
Universe IT,https://www.google.com/maps/place/Universe+IT/data=!4m7!3m6!1s0x3755c7b16bc7bca9:0xfa9bcc1d3c11dd95!8m2!3d23.8197687!4d90.3778961!16s%2Fg%2F11pvwzn9fl!19sChIJqbzHa7HHVTcRld0RPB3Mm_o?authuser=0&hl=en&rclk=1
Server Spare Parts,https://www.google.com/maps/place/Server+Spare+Parts/data=!4m7!3m6!1s0x3755c167ddefa46f:0x6691e01b1e3027e4!8m2!3d23.7992373!4d90.3581362!16s%2Fg%2F11t9jvs4sy!19sChIJb6Tv3WfBVTcR5CcwHhvgkWY?authuser=0&hl=en&rclk=1
Easy & Efficient Solution,https://www.google.com/maps/place/Easy+%26+Efficient+Solution/data=!4m7!3m6!1s0x3755c1ef64b7c295:0x76d63d5283bc970f!8m2!3d23.7925541!4d90.3703842!16s%2Fg%2F11lgdnksd0!19sChIJlcK3ZO_BVTcRD5e8g1I91nY?authuser=0&hl=en&rclk=1
Sellve,https://www.google.com/maps/place/Sellve/data=!4m7!3m6!1s0x3755c1380ba737db:0x8a599297ee341df3!8m2!3d23.8001534!4d90.3733044!16s%2Fg%2F11smct98w3!19sChIJ2zenCzjBVTcR8x007peSWYo?authuser=0&hl=en&rclk=1
Laptop Point BD,https://www.google.com/maps/place/Laptop+Point+BD/data=!4m7!3m6!1s0x3755c10003baf87f:0xfad8f74e5d9003e3!8m2!3d23.8064024!4d90.3690277!16s%2Fg%2F11x1tntw9p!19sChIJf_i6AwDBVTcR4wOQXU732Po?authuser=0&hl=en&rclk=1
RARO Tech,https://www.google.com/maps/place/RARO+Tech/data=!4m7!3m6!1s0x3755c0e88dd14007:0x418f5a1a3d6c85e8!8m2!3d23.8065907!4d90.3690465!16s%2Fg%2F11h8kdhzwb!19sChIJB0DRjejAVTcR6IVsPRpaj0E?authuser=0&hl=en&rclk=1
Adil Computer Corner,https://www.google.com/maps/place/Adil+Computer+Corner/data=!4m7!3m6!1s0x3755c0d6921e32a3:0xcfd75fe45ac2b4d0!8m2!3d23.8066416!4d90.3692426!16s%2Fg%2F11gbzcpk9x!19sChIJozIektbAVTcR0LTCWuRf188?authuser=0&hl=en&rclk=1
Device Mama,https://www.google.com/maps/place/Device+Mama/data=!4m7!3m6!1s0x3755c1006c4786fd:0x85658b864747309f!8m2!3d23.8218717!4d90.3643322!16s%2Fg%2F11lylr8fny!19sChIJ_YZHbADBVTcRnzBHR4aLZYU?authuser=0&hl=en&rclk=1
Laptop Shop,https://www.google.com/maps/place/Laptop+Shop/data=!4m7!3m6!1s0x3755c100790d43bd:0x839d7334833478d6!8m2!3d23.8068404!4d90.368733!16s%2Fg%2F11ww9k2_5n!19sChIJvUMNeQDBVTcR1ng0gzRznYM?authuser=0&hl=en&rclk=1
MC Solution BD (Jamuna Future Park),https://www.google.com/maps/place/MC+Solution+BD+%28Jamuna+Future+Park%29/data=!4m7!3m6!1s0x3755c7bf3843a32d:0xbe2d6792a7dc54a5!8m2!3d23.8134376!4d90.4233482!16s%2Fg%2F11s7t8xd0z!19sChIJLaNDOL_HVTcRpVTcp5JnLb4?authuser=0&hl=en&rclk=1
PC Tech,https://www.google.com/maps/place/PC+Tech/data=!4m7!3m6!1s0x3755c194f3a2b581:0xa9e11761b370ec97!8m2!3d23.8056856!4d90.3671105!16s%2Fg%2F11m9_d0qmx!19sChIJgbWi85TBVTcRl-xws2EX4ak?authuser=0&hl=en&rclk=1
Cox computer gateway,https://www.google.com/maps/place/Cox+computer+gateway/data=!4m7!3m6!1s0x3755c7b9f5977529:0x901ef9bfdb1a9192!8m2!3d23.8072969!4d90.3783239!16s%2Fg%2F11jzz47fkp!19sChIJKXWX9bnHVTcRkpEa27_5HpA?authuser=0&hl=en&rclk=1
RIPON COMPUTER,https://www.google.com/maps/place/RIPON+COMPUTER/data=!4m7!3m6!1s0x3755c14f287ef5c5:0x5dd8b7619e63ce51!8m2!3d23.7985412!4d90.3654896!16s%2Fg%2F11t42f606j!19sChIJxfV-KE_BVTcRUc5jnmG32F0?authuser=0&hl=en&rclk=1
‡¶°‡¶ø‡¶ú‡¶ø‡¶ü‡¶æ‡¶≤ ‡¶™‡ßü‡ßá‡¶®‡ßç‡¶ü,https://www.google.com/maps/place/%E0%A6%A1%E0%A6%BF%E0%A6%9C%E0%A6%BF%E0%A6%9F%E0%A6%BE%E0%A6%B2+%E0%A6%AA%E0%A7%9F%E0%A7%87%E0%A6%A8%E0%A7%8D%E0%A6%9F/data=!4m7!3m6!1s0x3755c195ae426d1f:0x75e08c12202f08a5!8m2!3d23.8093217!4d90.3695261!16s%2Fg%2F11g24rwvbg!19sChIJH21CrpXBVTcRpQgvIBKM4HU?authuser=0&hl=en&rclk=1
Reliablebazar,https://www.google.com/maps/place/Reliablebazar/data=!4m7!3m6!1s0x3755c0e8902efff7:0xe53fefa0525e1f8c!8m2!3d23.7976947!4d90.3530216!16s%2Fg%2F11c1_t_615!19sChIJ9_8ukOjAVTcRjB9eUqDvP-U?authuser=0&hl=en&rclk=1
Binary Logic Corporate,https://www.google.com/maps/place/Binary+Logic+Corporate/data=!4m7!3m6!1s0x3755c74a79ed99e1:0x50fc3275b5f36bea!8m2!3d23.7948345!4d90.3740709!16s%2Fg%2F11hb28tdmg!19sChIJ4ZnteUrHVTcR6mvztXUy_FA?authuser=0&hl=en&rclk=1
Digitech Computers,https://www.google.com/maps/place/Digitech+Computers/data=!4m7!3m6!1s0x3755c742ea13d60b:0x43f3b606f0847c84!8m2!3d23.7781494!4d90.379516!16s%2Fg%2F11yd70s7vg!19sChIJC9YT6kLHVTcRhHyE8Aa280M?authuser=0&hl=en&rclk=1
Laptop Paradise,https://www.google.com/maps/place/Laptop+Paradise/data=!4m7!3m6!1s0x3755c70049667969:0x3cd962f48cf281c5!8m2!3d23.8129994!4d90.4233732!16s%2Fg%2F11y8gdw4qr!19sChIJaXlmSQDHVTcRxYHyjPRi2Tw?authuser=0&hl=en&rclk=1
Bismillah Photocopy & Stationary,https://www.google.com/maps/place/Bismillah+Photocopy+%26+Stationary/data=!4m7!3m6!1s0x3755c14af86c1223:0x12ccaf4eee8d8079!8m2!3d23.8091668!4d90.3651834!16s%2Fg%2F11syrl8pny!19sChIJIxJs-ErBVTcReYCN7k6vzBI?authuser=0&hl=en&rclk=1
3M HITECH PROFESSIONALS,https://www.google.com/maps/place/3M+HITECH+PROFESSIONALS/data=!4m7!3m6!1s0x3755c0d69218c79d:0x9c1442c34c6d6bf1!8m2!3d23.806741!4d90.3691239!16s%2Fg%2F11f_zlmk5j!19sChIJnccYktbAVTcR8WttTMNCFJw?authuser=0&hl=en&rclk=1
Laptop World Zone,https://www.google.com/maps/place/Laptop+World+Zone/data=!4m7!3m6!1s0x3755c0d692c00001:0xf47ea11312a4972f!8m2!3d23.8066302!4d90.3690243!16s%2Fg%2F11h8w05455!19sChIJAQDAktbAVTcRL5ekEhOhfvQ?authuser=0&hl=en&rclk=1
DB Technologies,https://www.google.com/maps/place/DB+Technologies/data=!4m7!3m6!1s0x3755b89e20b58b75:0xa8e949c27aecd233!8m2!3d23.7875126!4d90.3702943!16s%2Fg%2F1q62k434k!19sChIJdYu1IJ64VTcRM9LsesJJ6ag?authuser=0&hl=en&rclk=1
CD Gallery,https://www.google.com/maps/place/CD+Gallery/data=!4m7!3m6!1s0x3755c13af22b95c7:0xebe51b15c17c7052!8m2!3d23.8241972!4d90.3646513!16s%2Fg%2F11clwfx3vd!19sChIJx5Ur8jrBVTcRUnB8wRUb5es?authuser=0&hl=en&rclk=1
Computer Source - IDB Branch,https://www.google.com/maps/place/Computer+Source+-+IDB+Branch/data=!4m7!3m6!1s0x3755c74c2671232f:0xc38291e5c71b43c9!8m2!3d23.7784886!4d90.3793138!16s%2Fg%2F11h19dc47!19sChIJLyNxJkzHVTcRyUMbx-WRgsM?authuser=0&hl=en&rclk=1
LAPTOP HUB,https://www.google.com/maps/place/LAPTOP+HUB/data=!4m7!3m6!1s0x3755c5876cc61eeb:0x64af6f96000f4cb5!8m2!3d23.8682747!4d90.3999287!16s%2Fg%2F11wq99f3gr!19sChIJ6x7GbIfFVTcRtUwPAJZvr2Q?authuser=0&hl=en&rclk=1
Best Used Laptop Shop In Bd | Etc Computer,https://www.google.com/maps/place/Best+Used+Laptop+Shop+In+Bd+%7C+Etc+Computer/data=!4m7!3m6!1s0x3755b8c7fe71e247:0x310472cc71e5cfde!8m2!3d23.7385943!4d90.384385!16s%2Fg%2F11f0ky0ntt!19sChIJR-Jx_se4VTcR3s_lccxyBDE?authuser=0&hl=en&rclk=1
